품목,브랜드,모델명,용량
Internal SSD,Crucial,1300,256GB
Internal SSD,Crucial,BX200,256GB
Internal SSD,Crucial,BX200,512GB
Internal SSD,Crucial,CRUCIAL BX100,512GB
Internal SSD,Crucial,CRUCIAL BX300,512GB
Internal SSD,Crucial,CRUCIAL BX500,1TB
Internal SSD,Crucial,CRUCIAL BX500,256GB
Internal SSD,Crucial,CRUCIAL BX500,2TB
Internal SSD,Crucial,CRUCIAL BX500,512GB
Internal SSD,Crucial,CRUCIAL M500,1TB
Internal SSD,Crucial,CRUCIAL M550,512GB
Internal SSD,Crucial,CRUCIAL MX100,256GB
Internal SSD,Crucial,CRUCIAL MX100,512GB
Internal SSD,Crucial,CRUCIAL MX200,256GB
Internal SSD,Crucial,CRUCIAL MX300,512GB
Internal SSD,Crucial,CRUCIAL MX500,1TB
Internal SSD,Crucial,CRUCIAL MX500,256GB
Internal SSD,Crucial,CRUCIAL MX500,2TB
Internal SSD,Crucial,CRUCIAL MX500,4TB
Internal SSD,Crucial,CRUCIAL MX500,512GB
Internal SSD,Crucial,CRUCIAL P1,1TB
Internal SSD,Crucial,CRUCIAL P1,2TB
Internal SSD,Crucial,CRUCIAL P1,512GB
Internal SSD,Crucial,CRUCIAL P2,1TB
Internal SSD,Crucial,CRUCIAL P2,256GB
Internal SSD,Crucial,CRUCIAL P2,2TB
Internal SSD,Crucial,CRUCIAL P2,512GB
Internal SSD,Crucial,CRUCIAL P3,1TB
Internal SSD,Crucial,CRUCIAL P3,2TB
Internal SSD,Crucial,CRUCIAL P3,4TB
Internal SSD,Crucial,CRUCIAL P3,512GB
Internal SSD,Crucial,CRUCIAL P3 PLUS,1TB
Internal SSD,Crucial,CRUCIAL P3 PLUS,2TB
Internal SSD,Crucial,CRUCIAL P3 PLUS,4TB
Internal SSD,Crucial,CRUCIAL P3 PLUS,512GB
Internal SSD,Crucial,CRUCIAL P5,1TB
Internal SSD,Crucial,CRUCIAL P5,256GB
Internal SSD,Crucial,CRUCIAL P5,2TB
Internal SSD,Crucial,CRUCIAL P5,512GB
Internal SSD,Crucial,CRUCIAL P5 PLUS,1TB
Internal SSD,Crucial,CRUCIAL P5 PLUS,2TB
Internal SSD,Crucial,CRUCIAL P5 PLUS,512GB
Internal SSD,Crucial,M4,512GB
Internal SSD,Crucial,M500,1TB
Internal SSD,Crucial,M500,512GB
Internal SSD,Crucial,M550,256GB
Internal SSD,Crucial,M550,512GB
Internal SSD,Crucial,MICRON M600,256GB
Internal SSD,Crucial,MX100,256GB
Internal SSD,Crucial,MX100,512GB
Internal SSD,Crucial,MX200,1TB
Internal SSD,Crucial,MX200,256GB
Internal SSD,Crucial,MX200,512GB
Internal SSD,Crucial,MX300,1TB
Internal SSD,Crucial,MX300,2TB
Internal SSD,Crucial,MX300,512GB
Internal SSD,Crucial,MX500,1TB
Internal SSD,Crucial,MX500,256GB
Internal SSD,Crucial,MX500,2TB
Internal SSD,Crucial,MX500,4TB
Internal SSD,Crucial,MX500,512GB
Internal SSD,Kingston,A2000,1TB
Internal SSD,Kingston,A2000,256GB
Internal SSD,Kingston,A2000,512GB
Internal SSD,Kingston,A400,1TB
Internal SSD,Kingston,A400,256GB
Internal SSD,Kingston,A400,2TB
Internal SSD,Kingston,A400,512GB
Internal SSD,Kingston,FURY Renegade SSD,1TB
Internal SSD,Kingston,FURY Renegade SSD,2TB
Internal SSD,Kingston,FURY Renegade SSD,4TB
Internal SSD,Kingston,FURY Renegade SSD,512GB
Internal SSD,Kingston,KC2500,1TB
Internal SSD,Kingston,KC2500,256GB
Internal SSD,Kingston,KC2500,2TB
Internal SSD,Kingston,KC3000,1TB
Internal SSD,Kingston,KC3000,2TB
Internal SSD,Kingston,KC3000,4TB
Internal SSD,Kingston,KC3000,512GB
Internal SSD,Kingston,KC600,1TB
Internal SSD,Kingston,KC600,256GB
Internal SSD,Kingston,KC600,2TB
Internal SSD,Kingston,KC600,512GB
Internal SSD,Kingston,KING.A1000,1TB
Internal SSD,Kingston,KING.A1000,256GB
Internal SSD,Kingston,KING.A1000,512GB
Internal SSD,Kingston,KING.FURY RENE.,1TB
Internal SSD,Kingston,KING.FURY RENE.,2TB
Internal SSD,Kingston,KING.FURY RENE.,4TB
Internal SSD,Kingston,KING.FURY RENE.,512GB
Internal SSD,Kingston,KING.G2,256GB
Internal SSD,Kingston,KING.HYPERX,2TB
Internal SSD,Kingston,KING.HYPERX 3K,256GB
Internal SSD,Kingston,KING.HYPERX FUR,256GB
Internal SSD,Kingston,KING.HYPERX FUR,512GB
Internal SSD,Kingston,KING.HYPERX SAV,256GB
Internal SSD,Kingston,KING.HYPERX SAV,512GB
Internal SSD,Kingston,KING.KC100,256GB
Internal SSD,Kingston,KING.KC1000,1TB
Internal SSD,Kingston,KING.KC1000,256GB
Internal SSD,Kingston,KING.KC2000,1TB
Internal SSD,Kingston,KING.KC2000,256GB
Internal SSD,Kingston,KING.KC2000,2TB
Internal SSD,Kingston,KING.KC2000,512GB
Internal SSD,Kingston,KING.KC2500,1TB
Internal SSD,Kingston,KING.KC2500,256GB
Internal SSD,Kingston,KING.KC2500,2TB
Internal SSD,Kingston,KING.KC2500,512GB
Internal SSD,Kingston,KING.KC3000,1TB
Internal SSD,Kingston,KING.KC3000,2TB
Internal SSD,Kingston,KING.KC3000,4TB
Internal SSD,Kingston,KING.KC3000,512GB
Internal SSD,Kingston,KING.KC400,256GB
Internal SSD,Kingston,KING.KC400,512GB
Internal SSD,Kingston,KING.KC600,1TB
Internal SSD,Kingston,KING.KC600,256GB
Internal SSD,Kingston,KING.KC600,2TB
Internal SSD,Kingston,KING.KC600,512GB
Internal SSD,Kingston,KING.MS200,256GB
Internal SSD,Kingston,KING.NOW M,256GB
Internal SSD,Kingston,KING.NV1,1TB
Internal SSD,Kingston,KING.NV1,256GB
Internal SSD,Kingston,KING.NV1,2TB
Internal SSD,Kingston,KING.NV1,512GB
Internal SSD,Kingston,KING.NV2,1TB
Internal SSD,Kingston,KING.NV2,256GB
Internal SSD,Kingston,KING.NV2,2TB
Internal SSD,Kingston,KING.NV2,512GB
Internal SSD,Kingston,KING.Q500,256GB
Internal SSD,Kingston,KING.Q500,512GB
Internal SSD,Kingston,KING.UV400,1TB
Internal SSD,Kingston,KING.UV400,256GB
Internal SSD,Kingston,KING.UV400,512GB
Internal SSD,Kingston,KING.UV500,1TB
Internal SSD,Kingston,KING.UV500,256GB
Internal SSD,Kingston,KING.UV500,2TB
Internal SSD,Kingston,KING.UV500,512GB
Internal SSD,Kingston,KING.V300,256GB
Internal SSD,Kingston,KING.V300,512GB
Internal SSD,Kingston,Kingston Design-In,1TB
Internal SSD,Kingston,Kingston Design-In,256GB
Internal SSD,Kingston,Kingston FURY,1TB
Internal SSD,Kingston,Kingston FURY,2TB
Internal SSD,Kingston,Kingston FURY,4TB
Internal SSD,Kingston,Kingston FURY,512GB
Internal SSD,Kingston,NV1 NVMe PCIe SSD,1TB
Internal SSD,Kingston,NV1 NVMe PCIe SSD,256GB
Internal SSD,Kingston,NV1 NVMe PCIe SSD,2TB
Internal SSD,Kingston,NV1 NVMe PCIe SSD,512GB
Internal SSD,Kingston,Q500,1TB
Internal SSD,Kingston,Q500,256GB
Internal SSD,Kingston,Q500,2TB
Internal SSD,Kingston,Q500,512GB
Internal SSD,Kingston,SSDNow KC400,256GB
Internal SSD,Samsung,980,1TB
Internal SSD,Samsung,980,256GB
Internal SSD,Samsung,980,512GB
Internal SSD,Samsung,750 EVO,256GB
Internal SSD,Samsung,840 EVO,1TB
Internal SSD,Samsung,840 EVO,256GB
Internal SSD,Samsung,840 EVO,512GB
Internal SSD,Samsung,850 EVO,1TB
Internal SSD,Samsung,850 EVO,256GB
Internal SSD,Samsung,850 EVO,2TB
Internal SSD,Samsung,850 EVO,512GB
Internal SSD,Samsung,850 Pro,1TB
Internal SSD,Samsung,850 Pro,256GB
Internal SSD,Samsung,850 Pro,2TB
Internal SSD,Samsung,850 Pro,512GB
Internal SSD,Samsung,860 EVO,1TB
Internal SSD,Samsung,860 EVO,256GB
Internal SSD,Samsung,860 EVO,2TB
Internal SSD,Samsung,860 EVO,4TB
Internal SSD,Samsung,860 EVO,512GB
Internal SSD,Samsung,860 Pro,1TB
Internal SSD,Samsung,860 Pro,256GB
Internal SSD,Samsung,860 Pro,2TB
Internal SSD,Samsung,860 Pro,4TB
Internal SSD,Samsung,860 Pro,512GB
Internal SSD,Samsung,860 QVO,1TB
Internal SSD,Samsung,860 QVO,2TB
Internal SSD,Samsung,860 QVO,4TB
Internal SSD,Samsung,860 QVO,8TB
Internal SSD,Samsung,870 EVO,1TB
Internal SSD,Samsung,870 EVO,256GB
Internal SSD,Samsung,870 EVO,2TB
Internal SSD,Samsung,870 EVO,4TB
Internal SSD,Samsung,870 EVO,512GB
Internal SSD,Samsung,870 QVO,1TB
Internal SSD,Samsung,870 QVO,256GB
Internal SSD,Samsung,870 QVO,2TB
Internal SSD,Samsung,870 QVO,4TB
Internal SSD,Samsung,870 QVO,8TB
Internal SSD,Samsung,950 Pro,256GB
Internal SSD,Samsung,960 EVO,1TB
Internal SSD,Samsung,960 EVO,256GB
Internal SSD,Samsung,960 EVO,512GB
Internal SSD,Samsung,960 Pro,1TB
Internal SSD,Samsung,960 Pro,512GB
Internal SSD,Samsung,970 EVO,1TB
Internal SSD,Samsung,970 EVO,256GB
Internal SSD,Samsung,970 EVO,2TB
Internal SSD,Samsung,970 EVO,512GB
Internal SSD,Samsung,970 EVO Plus,1TB
Internal SSD,Samsung,970 EVO Plus,256GB
Internal SSD,Samsung,970 EVO Plus,2TB
Internal SSD,Samsung,970 EVO Plus,512GB
Internal SSD,Samsung,970 Pro,1TB
Internal SSD,Samsung,970 Pro,512GB
Internal SSD,Samsung,980 PRO,1TB
Internal SSD,Samsung,980 PRO,256GB
Internal SSD,Samsung,980 PRO,2TB
Internal SSD,Samsung,980 PRO,512GB
Internal SSD,Samsung,980 PRO (HS),1TB
Internal SSD,Samsung,980 PRO (HS),2TB
Internal SSD,Samsung,983 ZET,512GB
Internal SSD,Samsung,990 PRO,1TB
Internal SSD,Samsung,990 PRO,2TB
Internal SSD,Samsung,Samsung 960 EVO,1TB
Internal SSD,Samsung,Samsung 960 EVO,256GB
Internal SSD,Samsung,Samsung 960 EVO,512GB
Internal SSD,Samsung,SAMSUNG 960 PRO,1TB
Internal SSD,Samsung,SAMSUNG 960 PRO,512GB
Internal SSD,Samsung,Samsung 970 EVO,1TB
Internal SSD,Samsung,Samsung 970 EVO,256GB
Internal SSD,Samsung,Samsung 970 EVO,2TB
Internal SSD,Samsung,Samsung 970 EVO,512GB
Internal SSD,Seagate,Barracuda,1TB
Internal SSD,Seagate,Barracuda,2TB
Internal SSD,Seagate,Barracuda,4TB
Internal SSD,Seagate,Barracuda,512GB
Internal SSD,Seagate,Barracuda,8TB
Internal SSD,Seagate,BarraCuda 510 SSD,1TB
Internal SSD,Seagate,BarraCuda 510 SSD,256GB
Internal SSD,Seagate,BarraCuda 510 SSD,512GB
Internal SSD,Seagate,BarraCuda 7200.14,4TB
Internal SSD,Seagate,BarraCuda Q1 SSD,1TB
Internal SSD,Seagate,BarraCuda Q1 SSD,512GB
Internal SSD,Seagate,BarraCuda Q5,1TB
Internal SSD,Seagate,BarraCuda Q5,2TB
Internal SSD,Seagate,BarraCuda Q5,512GB
Internal SSD,Seagate,BarraCuda XT,4TB
Internal SSD,Seagate,Constellation ES.3,4TB
Internal SSD,Seagate,Exos 7E10,4TB
Internal SSD,Seagate,Exos 7E8,8TB
Internal SSD,Seagate,FireCuda,1TB
Internal SSD,Seagate,FireCuda,2TB
Internal SSD,Seagate,FireCuda,4TB
Internal SSD,Seagate,Ironwolf Pro,1TB
Internal SSD,Seagate,Maxtor Z1,256GB
Internal SSD,Seagate,Nytro 1000,1TB
Internal SSD,Seagate,Nytro 1551 SATA SSD,1TB
Internal SSD,Seagate,Nytro 1551 SATA SSD,256GB
Internal SSD,Seagate,SEAG.BARR.120,1TB
Internal SSD,Seagate,SEAG.BARR.120,256GB
Internal SSD,Seagate,SEAG.BARR.120,2TB
Internal SSD,Seagate,SEAG.BARR.120,512GB
Internal SSD,Seagate,SEAG.BARR.510,1TB
Internal SSD,Seagate,SEAG.BARR.510,256GB
Internal SSD,Seagate,SEAG.BARR.510,2TB
Internal SSD,Seagate,SEAG.BARR.510,512GB
Internal SSD,Seagate,SEAG.BARR.Q1,1TB
Internal SSD,Seagate,SEAG.BARR.Q1,256GB
Internal SSD,Seagate,SEAG.BARR.Q5,1TB
Internal SSD,Seagate,SEAG.BARR.Q5,2TB
Internal SSD,Seagate,SEAG.BARR.Q5,512GB
Internal SSD,Seagate,SEAG.BARRACUDA,1TB
Internal SSD,Seagate,SEAG.BARRACUDA,256GB
Internal SSD,Seagate,SEAG.BARRACUDA,2TB
Internal SSD,Seagate,SEAG.BARRACUDA,512GB
Internal SSD,Seagate,SEAG.FIR.120,1TB
Internal SSD,Seagate,SEAG.FIR.120,2TB
Internal SSD,Seagate,SEAG.FIR.120,4TB
Internal SSD,Seagate,SEAG.FIR.120,512GB
Internal SSD,Seagate,SEAG.FIR.510,1TB
Internal SSD,Seagate,SEAG.FIR.510,256GB
Internal SSD,Seagate,SEAG.FIR.510,512GB
Internal SSD,Seagate,SEAG.FIR.520,1TB
Internal SSD,Seagate,SEAG.FIR.520,2TB
Internal SSD,Seagate,SEAG.FIR.520,512GB
Internal SSD,Seagate,SEAG.FIR.530,1TB
Internal SSD,Seagate,SEAG.FIR.530,2TB
Internal SSD,Seagate,SEAG.FIR.530,4TB
Internal SSD,Seagate,SEAG.FIR.530,512GB
Internal SSD,Seagate,SEAG.FIR.BESKAR,2TB
Internal SSD,Seagate,SEAG.FIRECUDA,1TB
Internal SSD,Seagate,SEAG.FIRECUDA,2TB
Internal SSD,Seagate,SEAG.GAME DRIVE,1TB
Internal SSD,Seagate,SEAG.GAME DRIVE,2TB
Internal SSD,Seagate,SEAG.GAME DRIVE,4TB
Internal SSD,Seagate,SEAG.IRO.PR.125,256GB
Internal SSD,Seagate,SEAG.IRO.PR.125,512GB
Internal SSD,Seagate,SEAG.IRONWO.110,1TB
Internal SSD,Seagate,SEAG.IRONWO.110,256GB
Internal SSD,Seagate,SEAG.IRONWO.110,2TB
Internal SSD,Seagate,SEAG.IRONWO.110,512GB
Internal SSD,Seagate,SEAG.IRONWO.125,1TB
Internal SSD,Seagate,SEAG.IRONWO.125,256GB
Internal SSD,Seagate,SEAG.IRONWO.125,2TB
Internal SSD,Seagate,SEAG.IRONWO.125,4TB
Internal SSD,Seagate,SEAG.IRONWO.125,512GB
Internal SSD,Seagate,SEAG.IRONWO.510,1TB
Internal SSD,Seagate,SEAG.IRONWO.510,256GB
Internal SSD,Seagate,SEAG.IRONWO.510,2TB
Internal SSD,Seagate,SEAG.IRONWO.510,512GB
Internal SSD,Seagate,SEAG.IRONWO.525,1TB
Internal SSD,Seagate,SEAG.IRONWO.525,2TB
Internal SSD,Seagate,SEAG.IRONWO.525,512GB
Internal SSD,Seagate,SEAG.NYT.1351,256GB
Internal SSD,Seagate,SEAG.NYT.1351,2TB
Internal SSD,Seagate,SEAG.NYT.1351,4TB
Internal SSD,Seagate,SEAG.NYT.1351,512GB
Internal SSD,Seagate,SEAG.NYT.1551,1TB
Internal SSD,Seagate,SEAG.NYT.1551,512GB
Internal SSD,Seagate,SEAG.NYT.5000,512GB
Internal SSD,Seagate,SEAG.NYT.XF1440,2TB
Internal SSD,Seagate,SEAG.XF1230,256GB
Internal SSD,Seagate,SEAG.XF1230,512GB
Internal SSD,Seagate,Seagate Barracuda,2TB
Internal SSD,Seagate,Seagate BarraCuda 510,256GB
Internal SSD,Seagate,Seagate BarraCuda Q1,1TB
Internal SSD,Seagate,Seagate BarraCuda Q1,256GB
Internal SSD,Seagate,Seagate BarraCuda Q1,512GB
Internal SSD,Seagate,Seagate Barracuda Q5,1TB
Internal SSD,Seagate,Seagate Barracuda Q5,2TB
Internal SSD,Seagate,Seagate Barracuda Q5,512GB
Internal SSD,Seagate,Seagate Exos 7E8,8TB
Internal SSD,Seagate,Seagate FireCuda 120,1TB
Internal SSD,Seagate,Seagate FireCuda 120,2TB
Internal SSD,Seagate,Seagate FireCuda 120,4TB
Internal SSD,Seagate,Seagate FireCuda 510,1TB
Internal SSD,Seagate,Seagate FireCuda 510,256GB
Internal SSD,Seagate,Seagate FireCuda 510,2TB
Internal SSD,Seagate,Seagate FireCuda 510,512GB
Internal SSD,Seagate,Seagate FireCuda 520,1TB
Internal SSD,Seagate,Seagate FireCuda 520,2TB
Internal SSD,Seagate,Seagate FireCuda 520,512GB
Internal SSD,Seagate,Seagate FireCuda 530,1TB
Internal SSD,Seagate,Seagate FireCuda 530,2TB
Internal SSD,Seagate,Seagate FireCuda 530,4TB
Internal SSD,Seagate,Seagate FireCuda 530,512GB
Internal SSD,Seagate,Seagate FireCuda 530 (H/S),2TB
Internal SSD,Seagate,Seagate IronWolf,2TB
Internal SSD,Seagate,Seagate IronWolf,4TB
Internal SSD,Seagate,Seagate IronWolf,8TB
Internal SSD,Seagate,Seagate IronWolf 110,256GB
Internal SSD,Seagate,Seagate IronWolf 110,512GB
Internal SSD,Seagate,Seagate IronWolf 125,1TB
Internal SSD,Seagate,Seagate IronWolf 125,256GB
Internal SSD,Seagate,Seagate IronWolf 125,2TB
Internal SSD,Seagate,Seagate IronWolf 125,4TB
Internal SSD,Seagate,Seagate IronWolf 125,512GB
Internal SSD,Seagate,Seagate IronWolf 510,1TB
Internal SSD,Seagate,Seagate IronWolf 510,256GB
Internal SSD,Seagate,Seagate IronWolf 510,2TB
Internal SSD,Seagate,Seagate IronWolf 510,512GB
Internal SSD,Seagate,Seagate IronWolf 525,1TB
Internal SSD,Seagate,Seagate IronWolf 525,2TB
Internal SSD,Seagate,Seagate IronWolf 525,512GB
Internal SSD,Seagate,Seagate IronWolf Pro,4TB
Internal SSD,Seagate,Seagate IronWolf Pro,8TB
Internal SSD,Seagate,Seagate Nytro 1351,1TB
Internal SSD,Seagate,Seagate Nytro 1351,256GB
Internal SSD,Seagate,Seagate Nytro 1551,1TB
Internal SSD,Seagate,Seagate Nytro 1551,2TB
Internal SSD,Seagate,Seagate Nytro 1551,512GB
Internal SSD,Seagate,Seagate Nytro 5050,2TB
Internal SSD,Seagate,Seagate Nytro XF1230,256GB
Internal SSD,Seagate,SkyHawk,2TB
Internal SSD,Seagate,SkyHawk AI,8TB
Internal SSD,Seagate,SkyHawk Mini,2TB
Internal SSD,Western Digital,Atomos Master Caddy 4K SSD,1TB
Internal SSD,Western Digital,Atomos Master Caddy 4K SSD,256GB
Internal SSD,Western Digital,Green,256GB
Internal SSD,Western Digital,G-TEC.ATOMOS MC,1TB
Internal SSD,Western Digital,PC SA530,256GB
Internal SSD,Western Digital,PC SN520,256GB
Internal SSD,Western Digital,Purple,8TB
Internal SSD,Western Digital,SAN.EXTR.PRO,256GB
Internal SSD,Western Digital,SAN.EXTR.PRO,512GB
Internal SSD,Western Digital,SAN.EXTREME II,256GB
Internal SSD,Western Digital,SAN.SSD PLUS,1TB
Internal SSD,Western Digital,SAN.SSD PLUS,256GB
Internal SSD,Western Digital,SAN.SSD PLUS,2TB
Internal SSD,Western Digital,SAN.SSD PLUS,512GB
Internal SSD,Western Digital,SAN.ULTRA,1TB
Internal SSD,Western Digital,SAN.ULTRA,512GB
Internal SSD,Western Digital,SAN.ULTRA 3D,1TB
Internal SSD,Western Digital,SAN.ULTRA 3D,256GB
Internal SSD,Western Digital,SAN.ULTRA 3D,2TB
Internal SSD,Western Digital,SAN.ULTRA 3D,4TB
Internal SSD,Western Digital,SAN.ULTRA 3D,512GB
Internal SSD,Western Digital,SAN.ULTRA II,1TB
Internal SSD,Western Digital,SAN.ULTRA II,256GB
Internal SSD,Western Digital,SAN.ULTRA II,512GB
Internal SSD,Western Digital,SAN.ULTRA PLUS,256GB
Internal SSD,Western Digital,SAN.X110,256GB
Internal SSD,Western Digital,SAN.X210,512GB
Internal SSD,Western Digital,SAN.X300S,512GB
Internal SSD,Western Digital,SAN.X400,1TB
Internal SSD,Western Digital,SAN.X400,256GB
Internal SSD,Western Digital,SAN.X400,512GB
Internal SSD,Western Digital,SAN.X600,1TB
Internal SSD,Western Digital,SAN.X600,256GB
Internal SSD,Western Digital,SAN.X600,2TB
Internal SSD,Western Digital,SAN.X600,512GB
Internal SSD,Western Digital,SAN.Z400,512GB
Internal SSD,Western Digital,SAN.Z400S,256GB
Internal SSD,Western Digital,SanDisk,1TB
Internal SSD,Western Digital,SanDisk,256GB
Internal SSD,Western Digital,SanDisk,2TB
Internal SSD,Western Digital,SanDisk,512GB
Internal SSD,Western Digital,SanDisk Extreme,1TB
Internal SSD,Western Digital,SanDisk Extreme Pro,2TB
Internal SSD,Western Digital,SanDisk Extreme Pro,512GB
Internal SSD,Western Digital,SanDisk Ultra,1TB
Internal SSD,Western Digital,SanDisk Ultra,256GB
Internal SSD,Western Digital,SanDisk Ultra,2TB
Internal SSD,Western Digital,SanDisk Ultra,4TB
Internal SSD,Western Digital,SanDisk Ultra,512GB
Internal SSD,Western Digital,SSD Plus,1TB
Internal SSD,Western Digital,SSD Plus,256GB
Internal SSD,Western Digital,SSD Plus,2TB
Internal SSD,Western Digital,SSD Plus,512GB
Internal SSD,Western Digital,Ultra 3D,1TB
Internal SSD,Western Digital,Ultra 3D,256GB
Internal SSD,Western Digital,Ultra 3D,2TB
Internal SSD,Western Digital,Ultra 3D,4TB
Internal SSD,Western Digital,Ultra 3D,512GB
Internal SSD,Western Digital,Ultra II,1TB
Internal SSD,Western Digital,WD BLAC.AN1500,1TB
Internal SSD,Western Digital,WD BLAC.AN1500,2TB
Internal SSD,Western Digital,WD BLAC.AN1500,4TB
Internal SSD,Western Digital,WD BLAC.SN850,1TB
Internal SSD,Western Digital,WD BLAC.SN850,2TB
Internal SSD,Western Digital,WD BLAC.SN850,512GB
Internal SSD,Western Digital,WD BLAC.SN850X,1TB
Internal SSD,Western Digital,WD BLAC.SN850X,2TB
Internal SSD,Western Digital,WD BLAC.SN850X,4TB
Internal SSD,Western Digital,WD Black,1TB
Internal SSD,Western Digital,WD Black,256GB
Internal SSD,Western Digital,WD Black,2TB
Internal SSD,Western Digital,WD Black,512GB
Internal SSD,Western Digital,WD Black AN1500,1TB
Internal SSD,Western Digital,WD Black AN1500,2TB
Internal SSD,Western Digital,WD Black AN1500,4TB
Internal SSD,Western Digital,WD Black AN1500 Series,1TB
Internal SSD,Western Digital,WD Black AN1500 Series,4TB
Internal SSD,Western Digital,WD Black SN750,1TB
Internal SSD,Western Digital,WD Black SN750,256GB
Internal SSD,Western Digital,WD Black SN750,2TB
Internal SSD,Western Digital,WD Black SN750,4TB
Internal SSD,Western Digital,WD Black SN750,512GB
Internal SSD,Western Digital,WD Black SN750 SE,1TB
Internal SSD,Western Digital,WD Black SN750 SE,256GB
Internal SSD,Western Digital,WD Black SN750 SE,512GB
Internal SSD,Western Digital,WD Black SN770,1TB
Internal SSD,Western Digital,WD Black SN770,256GB
Internal SSD,Western Digital,WD Black SN770,2TB
Internal SSD,Western Digital,WD Black SN770,512GB
Internal SSD,Western Digital,WD Black SN850,1TB
Internal SSD,Western Digital,WD Black SN850,2TB
Internal SSD,Western Digital,WD Black SN850,4TB
Internal SSD,Western Digital,WD Black SN850,512GB
Internal SSD,Western Digital,WD Black SN850 (HS),2TB
Internal SSD,Western Digital,WD Black SN850 (PS5),1TB
Internal SSD,Western Digital,WD Black SN850 (PS5),2TB
Internal SSD,Western Digital,WD Black SN850X,1TB
Internal SSD,Western Digital,WD Black SN850X,2TB
Internal SSD,Western Digital,WD Black SN850X,4TB
Internal SSD,Western Digital,WD Black SN850X (HS),1TB
Internal SSD,Western Digital,WD Black SN850X (HS),2TB
Internal SSD,Western Digital,WD Blue,1TB
Internal SSD,Western Digital,WD Blue,256GB
Internal SSD,Western Digital,WD Blue,2TB
Internal SSD,Western Digital,WD Blue,4TB
Internal SSD,Western Digital,WD Blue,512GB
Internal SSD,Western Digital,WD Blue 3D NAND SATA SSD,1TB
Internal SSD,Western Digital,WD Blue 3D NAND SATA SSD,256GB
Internal SSD,Western Digital,WD Blue 3D NAND SATA SSD,2TB
Internal SSD,Western Digital,WD Blue 3D NAND SATA SSD,4TB
Internal SSD,Western Digital,WD Blue 3D NAND SATA SSD,512GB
Internal SSD,Western Digital,WD BLUE SA510,1TB
Internal SSD,Western Digital,WD BLUE SA510,256GB
Internal SSD,Western Digital,WD BLUE SA510,512GB
Internal SSD,Western Digital,WD Blue Series,1TB
Internal SSD,Western Digital,WD Blue Series,256GB
Internal SSD,Western Digital,WD Blue Series,2TB
Internal SSD,Western Digital,WD Blue Series,4TB
Internal SSD,Western Digital,WD Blue Series,512GB
Internal SSD,Western Digital,WD Blue SN500,256GB
Internal SSD,Western Digital,WD Blue SN500,512GB
Internal SSD,Western Digital,WD Blue SN520,256GB
Internal SSD,Western Digital,WD Blue SN520,512GB
Internal SSD,Western Digital,WD Blue SN550,1TB
Internal SSD,Western Digital,WD Blue SN550,256GB
Internal SSD,Western Digital,WD Blue SN550,2TB
Internal SSD,Western Digital,WD Blue SN550,512GB
Internal SSD,Western Digital,WD Blue SN570,1TB
Internal SSD,Western Digital,WD Blue SN570,256GB
Internal SSD,Western Digital,WD Blue SN570,2TB
Internal SSD,Western Digital,WD Blue SN570,512GB
Internal SSD,Western Digital,WD BLUE SSHD,1TB
Internal SSD,Western Digital,WD CL SN720 NVMe SSD,256GB
Internal SSD,Western Digital,WD CL SN720 NVMe SSD,512GB
Internal SSD,Western Digital,WD Gold,1TB
Internal SSD,Western Digital,WD Gold,2TB
Internal SSD,Western Digital,WD Gold,4TB
Internal SSD,Western Digital,WD Gold,8TB
Internal SSD,Western Digital,WD Gold Enterprise-Class SSD,1TB
Internal SSD,Western Digital,WD Gold Enterprise-Class SSD,2TB
Internal SSD,Western Digital,WD Gold Enterprise-Class SSD,4TB
Internal SSD,Western Digital,WD Gold Enterprise-Class SSD,8TB
Internal SSD,Western Digital,WD Green,1TB
Internal SSD,Western Digital,WD Green,256GB
Internal SSD,Western Digital,WD Green,2TB
Internal SSD,Western Digital,WD Green,512GB
Internal SSD,Western Digital,WD Green PC SSD,256GB
Internal SSD,Western Digital,WD Green SN350,1TB
Internal SSD,Western Digital,WD Green SN350,256GB
Internal SSD,Western Digital,WD Green SN350,2TB
Internal SSD,Western Digital,WD Green SN350,512GB
Internal SSD,Western Digital,WD PC SA530,1TB
Internal SSD,Western Digital,WD PC SA530,256GB
Internal SSD,Western Digital,WD PC SA530,512GB
Internal SSD,Western Digital,WD PC SN520,256GB
Internal SSD,Western Digital,WD PC SN520,512GB
Internal SSD,Western Digital,WD PC SN530,1TB
Internal SSD,Western Digital,WD PC SN530,256GB
Internal SSD,Western Digital,WD PC SN530,512GB
Internal SSD,Western Digital,WD PC SN720,1TB
Internal SSD,Western Digital,WD PC SN720,256GB
Internal SSD,Western Digital,WD PC SN730,1TB
Internal SSD,Western Digital,WD PC SN730,256GB
Internal SSD,Western Digital,WD PC SN730,512GB
Internal SSD,Western Digital,WD PC SN740,1TB
Internal SSD,Western Digital,WD PC SN740,2TB
Internal SSD,Western Digital,WD PC SN740,512GB
Internal SSD,Western Digital,WD Red,1TB
Internal SSD,Western Digital,WD Red,2TB
Internal SSD,Western Digital,WD Red,4TB
Internal SSD,Western Digital,WD Red,512GB
Internal SSD,Western Digital,WD RED SA500,1TB
Internal SSD,Western Digital,WD RED SA500,2TB
Internal SSD,Western Digital,WD RED SA500,4TB
Internal SSD,Western Digital,WD RED SA500,512GB
Internal SSD,Western Digital,WD Red SN700,1TB
Internal SSD,Western Digital,WD Red SN700,256GB
Internal SSD,Western Digital,WD Red SN700,2TB
Internal SSD,Western Digital,WD Red SN700,4TB
Internal SSD,Western Digital,WD Red SN700,512GB
Internal SSD,Western Digital,WD Ultrastar SA210,256GB
Internal SSD,Western Digital,WD_BLACK AN1500,1TB
Internal SSD,Western Digital,WD_BLACK AN1500,2TB
Internal SSD,Western Digital,WD_BLACK AN1500,4TB
Internal SSD,Western Digital,X600,256GB
